{
  "Author": "GiR-Zippo, Meowchestra, MoogleTroupe",
  "Name": "Whiskers",
  "InternalName": "Whiskers",
  "AssemblyVersion": "0.0.1.27",
  "Description": "MeowMusic companion for enhanced functionality.",
  "ApplicableVersion": "any",
  "Tags": [
    "MeowMusic",
    "Midi",
    "Performance",
    "Bard"
  ],
  "DalamudApiLevel": 10,
  "LoadRequiredState": 0,
  "LoadSync": false,
  "CanUnloadAsync": false,
  "LoadPriority": 0,
  "Punchline": "MeowMusic companion for enhanced functionality.",
  "AcceptsFeedback": true
}